,,,,,,,,,,,,,,,,,,,,,,,,,,,,,,,,,,,,,,,,,,,,,,,,,,,,,,,,,,,,,,,,,,,,,,,,,,,,,,,,,,,,,,,,,,,,,,,,,,,,,,,,,,,,,,,,,,,,,,,,,,,,,,,,,,,,,,,,,,,,,,,,,,,,,,,,,,,,,,,,,,,,,,,,,,,,,,,,,,,,,,,,,,,,,,,,,,,,,,,,,,,,,,,,,,,,,,,,,,,,,,,,,,,,,,,,,,,,,,,,,,,,,,,,,,,,,,,,,,,,,,,,,,,,,,,,,,,,,,,,,,,,,,,,,,,,,,,,,,,,,,,,,,,,,,,,,,,,,,,,,,,,,,,,,,,,,,,,,
Theme: Trade & Investment,,,,,,,,,,,,,,,,,,,,,,,,,,,,,,,,,,,,,,,,,,,,,,,,,,,,,,,,,,,,,,,,,,,,,,,,,,,,,,,,,,,,,,,,,,,,,,,,,,,,,,,,,,,,,,,,,,,,,,,,,,,,,,,,,,,,,,,,,,,,,,,,,,,,,,,,,,,,,,,,,,,,,,,,,,,,,,,,,,,,,,,,,,,,,,,,,,,,,,,,,,,,,,,,,,,,,,,,,,,,,,,,,,,,,,,,,,,,,,,,,,,,,,,,,,,,,,,,,,,,,,,,,,,,,,,,,,,,,,,,,,,,,,,,,,,,,,,,,,,,,,,,,,,,,,,,,,,,,,,,,,,,,,,,,,,,,,,,,
Subject: Merchandise Trade,,,,,,,,,,,,,,,,,,,,,,,,,,,,,,,,,,,,,,,,,,,,,,,,,,,,,,,,,,,,,,,,,,,,,,,,,,,,,,,,,,,,,,,,,,,,,,,,,,,,,,,,,,,,,,,,,,,,,,,,,,,,,,,,,,,,,,,,,,,,,,,,,,,,,,,,,,,,,,,,,,,,,,,,,,,,,,,,,,,,,,,,,,,,,,,,,,,,,,,,,,,,,,,,,,,,,,,,,,,,,,,,,,,,,,,,,,,,,,,,,,,,,,,,,,,,,,,,,,,,,,,,,,,,,,,,,,,,,,,,,,,,,,,,,,,,,,,,,,,,,,,,,,,,,,,,,,,,,,,,,,,,,,,,,,,,,,,,,
Topic: Exports by Commodity Section/ Division,,,,,,,,,,,,,,,,,,,,,,,,,,,,,,,,,,,,,,,,,,,,,,,,,,,,,,,,,,,,,,,,,,,,,,,,,,,,,,,,,,,,,,,,,,,,,,,,,,,,,,,,,,,,,,,,,,,,,,,,,,,,,,,,,,,,,,,,,,,,,,,,,,,,,,,,,,,,,,,,,,,,,,,,,,,,,,,,,,,,,,,,,,,,,,,,,,,,,,,,,,,,,,,,,,,,,,,,,,,,,,,,,,,,,,,,,,,,,,,,,,,,,,,,,,,,,,,,,,,,,,,,,,,,,,,,,,,,,,,,,,,,,,,,,,,,,,,,,,,,,,,,,,,,,,,,,,,,,,,,,,,,,,,,,,,,,,,,,
"Table Title: Domestic Exports Of Major Non-Oil Products, Monthly",,,,,,,,,,,,,,,,,,,,,,,,,,,,,,,,,,,,,,,,,,,,,,,,,,,,,,,,,,,,,,,,,,,,,,,,,,,,,,,,,,,,,,,,,,,,,,,,,,,,,,,,,,,,,,,,,,,,,,,,,,,,,,,,,,,,,,,,,,,,,,,,,,,,,,,,,,,,,,,,,,,,,,,,,,,,,,,,,,,,,,,,,,,,,,,,,,,,,,,,,,,,,,,,,,,,,,,,,,,,,,,,,,,,,,,,,,,,,,,,,,,,,,,,,,,,,,,,,,,,,,,,,,,,,,,,,,,,,,,,,,,,,,,,,,,,,,,,,,,,,,,,,,,,,,,,,,,,,,,,,,,,,,,,,,,,,,,,,
,,,,,,,,,,,,,,,,,,,,,,,,,,,,,,,,,,,,,,,,,,,,,,,,,,,,,,,,,,,,,,,,,,,,,,,,,,,,,,,,,,,,,,,,,,,,,,,,,,,,,,,,,,,,,,,,,,,,,,,,,,,,,,,,,,,,,,,,,,,,,,,,,,,,,,,,,,,,,,,,,,,,,,,,,,,,,,,,,,,,,,,,,,,,,,,,,,,,,,,,,,,,,,,,,,,,,,,,,,,,,,,,,,,,,,,,,,,,,,,,,,,,,,,,,,,,,,,,,,,,,,,,,,,,,,,,,,,,,,,,,,,,,,,,,,,,,,,,,,,,,,,,,,,,,,,,,,,,,,,,,,,,,,,,,,,,,,,,,
Data last updated: 17/02/2025,,,,,,,,,,,,,,,,,,,,,,,,,,,,,,,,,,,,,,,,,,,,,,,,,,,,,,,,,,,,,,,,,,,,,,,,,,,,,,,,,,,,,,,,,,,,,,,,,,,,,,,,,,,,,,,,,,,,,,,,,,,,,,,,,,,,,,,,,,,,,,,,,,,,,,,,,,,,,,,,,,,,,,,,,,,,,,,,,,,,,,,,,,,,,,,,,,,,,,,,,,,,,,,,,,,,,,,,,,,,,,,,,,,,,,,,,,,,,,,,,,,,,,,,,,,,,,,,,,,,,,,,,,,,,,,,,,,,,,,,,,,,,,,,,,,,,,,,,,,,,,,,,,,,,,,,,,,,,,,,,,,,,,,,,,,,,,,,,
Source: ENTERPRISE SINGAPORE,,,,,,,,,,,,,,,,,,,,,,,,,,,,,,,,,,,,,,,,,,,,,,,,,,,,,,,,,,,,,,,,,,,,,,,,,,,,,,,,,,,,,,,,,,,,,,,,,,,,,,,,,,,,,,,,,,,,,,,,,,,,,,,,,,,,,,,,,,,,,,,,,,,,,,,,,,,,,,,,,,,,,,,,,,,,,,,,,,,,,,,,,,,,,,,,,,,,,,,,,,,,,,,,,,,,,,,,,,,,,,,,,,,,,,,,,,,,,,,,,,,,,,,,,,,,,,,,,,,,,,,,,,,,,,,,,,,,,,,,,,,,,,,,,,,,,,,,,,,,,,,,,,,,,,,,,,,,,,,,,,,,,,,,,,,,,,,,,
,,,,,,,,,,,,,,,,,,,,,,,,,,,,,,,,,,,,,,,,,,,,,,,,,,,,,,,,,,,,,,,,,,,,,,,,,,,,,,,,,,,,,,,,,,,,,,,,,,,,,,,,,,,,,,,,,,,,,,,,,,,,,,,,,,,,,,,,,,,,,,,,,,,,,,,,,,,,,,,,,,,,,,,,,,,,,,,,,,,,,,,,,,,,,,,,,,,,,,,,,,,,,,,,,,,,,,,,,,,,,,,,,,,,,,,,,,,,,,,,,,,,,,,,,,,,,,,,,,,,,,,,,,,,,,,,,,,,,,,,,,,,,,,,,,,,,,,,,,,,,,,,,,,,,,,,,,,,,,,,,,,,,,,,,,,,,,,,,
,,,,,,,,,,,,,,,,,,,,,,,,,,,,,,,,,,,,,,,,,,,,,,,,,,,,,,,,,,,,,,,,,,,,,,,,,,,,,,,,,,,,,,,,,,,,,,,,,,,,,,,,,,,,,,,,,,,,,,,,,,,,,,,,,,,,,,,,,,,,,,,,,,,,,,,,,,,,,,,,,,,,,,,,,,,,,,,,,,,,,,,,,,,,,,,,,,,,,,,,,,,,,,,,,,,,,,,,,,,,,,,,,,,,,,,,,,,,,,,,,,,,,,,,,,,,,,,,,,,,,,,,,,,,,,,,,,,,,,,,,,,,,,,,,,,,,,,,,,,,,,,,,,,,,,,,,,,,,,,,,,,,,,,,,,,,,,,,,Thousand Dollars
Data Series,2025 Jan ,2024 Dec ,2024 Nov ,2024 Oct ,2024 Sep ,2024 Aug ,2024 Jul ,2024 Jun ,2024 May ,2024 Apr ,2024 Mar ,2024 Feb ,2024 Jan ,2023 Dec ,2023 Nov ,2023 Oct ,2023 Sep ,2023 Aug ,2023 Jul ,2023 Jun ,2023 May ,2023 Apr ,2023 Mar ,2023 Feb ,2023 Jan ,2022 Dec ,2022 Nov ,2022 Oct ,2022 Sep ,2022 Aug ,2022 Jul ,2022 Jun ,2022 May ,2022 Apr ,2022 Mar ,2022 Feb ,2022 Jan ,2021 Dec ,2021 Nov ,2021 Oct ,2021 Sep ,2021 Aug ,2021 Jul ,2021 Jun ,2021 May ,2021 Apr ,2021 Mar ,2021 Feb ,2021 Jan ,2020 Dec ,2020 Nov ,2020 Oct ,2020 Sep ,2020 Aug ,2020 Jul ,2020 Jun ,2020 May ,2020 Apr ,2020 Mar ,2020 Feb ,2020 Jan ,2019 Dec ,2019 Nov ,2019 Oct ,2019 Sep ,2019 Aug ,2019 Jul ,2019 Jun ,2019 May ,2019 Apr ,2019 Mar ,2019 Feb ,2019 Jan ,2018 Dec ,2018 Nov ,2018 Oct ,2018 Sep ,2018 Aug ,2018 Jul ,2018 Jun ,2018 May ,2018 Apr ,2018 Mar ,2018 Feb ,2018 Jan ,2017 Dec ,2017 Nov ,2017 Oct ,2017 Sep ,2017 Aug ,2017 Jul ,2017 Jun ,2017 May ,2017 Apr ,2017 Mar ,2017 Feb ,2017 Jan ,2016 Dec ,2016 Nov ,2016 Oct ,2016 Sep ,2016 Aug ,2016 Jul ,2016 Jun ,2016 May ,2016 Apr ,2016 Mar ,2016 Feb ,2016 Jan ,2015 Dec ,2015 Nov ,2015 Oct ,2015 Sep ,2015 Aug ,2015 Jul ,2015 Jun ,2015 May ,2015 Apr ,2015 Mar ,2015 Feb ,2015 Jan ,2014 Dec ,2014 Nov ,2014 Oct ,2014 Sep ,2014 Aug ,2014 Jul ,2014 Jun ,2014 May ,2014 Apr ,2014 Mar ,2014 Feb ,2014 Jan ,2013 Dec ,2013 Nov ,2013 Oct ,2013 Sep ,2013 Aug ,2013 Jul ,2013 Jun ,2013 May ,2013 Apr ,2013 Mar ,2013 Feb ,2013 Jan ,2012 Dec ,2012 Nov ,2012 Oct ,2012 Sep ,2012 Aug ,2012 Jul ,2012 Jun ,2012 May ,2012 Apr ,2012 Mar ,2012 Feb ,2012 Jan ,2011 Dec ,2011 Nov ,2011 Oct ,2011 Sep ,2011 Aug ,2011 Jul ,2011 Jun ,2011 May ,2011 Apr ,2011 Mar ,2011 Feb ,2011 Jan ,2010 Dec ,2010 Nov ,2010 Oct ,2010 Sep ,2010 Aug ,2010 Jul ,2010 Jun ,2010 May ,2010 Apr ,2010 Mar ,2010 Feb ,2010 Jan ,2009 Dec ,2009 Nov ,2009 Oct ,2009 Sep ,2009 Aug ,2009 Jul ,2009 Jun ,2009 May ,2009 Apr ,2009 Mar ,2009 Feb ,2009 Jan ,2008 Dec ,2008 Nov ,2008 Oct ,2008 Sep ,2008 Aug ,2008 Jul ,2008 Jun ,2008 May ,2008 Apr ,2008 Mar ,2008 Feb ,2008 Jan ,2007 Dec ,2007 Nov ,2007 Oct ,2007 Sep ,2007 Aug ,2007 Jul ,2007 Jun ,2007 May ,2007 Apr ,2007 Mar ,2007 Feb ,2007 Jan ,2006 Dec ,2006 Nov ,2006 Oct ,2006 Sep ,2006 Aug ,2006 Jul ,2006 Jun ,2006 May ,2006 Apr ,2006 Mar ,2006 Feb ,2006 Jan ,2005 Dec ,2005 Nov ,2005 Oct ,2005 Sep ,2005 Aug ,2005 Jul ,2005 Jun ,2005 May ,2005 Apr ,2005 Mar ,2005 Feb ,2005 Jan ,2004 Dec ,2004 Nov ,2004 Oct ,2004 Sep ,2004 Aug ,2004 Jul ,2004 Jun ,2004 May ,2004 Apr ,2004 Mar ,2004 Feb ,2004 Jan ,2003 Dec ,2003 Nov ,2003 Oct ,2003 Sep ,2003 Aug ,2003 Jul ,2003 Jun ,2003 May ,2003 Apr ,2003 Mar ,2003 Feb ,2003 Jan ,2002 Dec ,2002 Nov ,2002 Oct ,2002 Sep ,2002 Aug ,2002 Jul ,2002 Jun ,2002 May ,2002 Apr ,2002 Mar ,2002 Feb ,2002 Jan ,2001 Dec ,2001 Nov ,2001 Oct ,2001 Sep ,2001 Aug ,2001 Jul ,2001 Jun ,2001 May ,2001 Apr ,2001 Mar ,2001 Feb ,2001 Jan ,2000 Dec ,2000 Nov ,2000 Oct ,2000 Sep ,2000 Aug ,2000 Jul ,2000 Jun ,2000 May ,2000 Apr ,2000 Mar ,2000 Feb ,2000 Jan ,1999 Dec ,1999 Nov ,1999 Oct ,1999 Sep ,1999 Aug ,1999 Jul ,1999 Jun ,1999 May ,1999 Apr ,1999 Mar ,1999 Feb ,1999 Jan ,1998 Dec ,1998 Nov ,1998 Oct ,1998 Sep ,1998 Aug ,1998 Jul ,1998 Jun ,1998 May ,1998 Apr ,1998 Mar ,1998 Feb ,1998 Jan ,1997 Dec ,1997 Nov ,1997 Oct ,1997 Sep ,1997 Aug ,1997 Jul ,1997 Jun ,1997 May ,1997 Apr ,1997 Mar ,1997 Feb ,1997 Jan 
Total Electronic Products,3146828.6,3326095,3579249.5,3374811.3,3029453.4,4051147.1,3525278.8,3106966.4,3601344.6,3077179.6,2796310.7,2855719.3,2871393.5,2805043.1,2906733.7,3292791.2,3051559.8,3050512.2,3020462.3,3433313.7,3011031.2,2979671.3,3090461,2714861.7,2852895.8,3175829.7,3332565.6,3488295.1,3456497.2,3868300.3,4092372.7,4086437.3,4136124.4,3885336.3,3975707.6,3695587.3,3898291.1,3866196,4177142,3844599.8,3866667.5,4052667.4,3709498.4,3926856.2,3664877.7,3444797.9,3566704.9,3312211.6,3419699.2,3404461.4,3232824.1,3345644.8,3388712.7,3471968.8,3225973.6,3127892.8,3302196.4,3105839.6,2867917.9,3087529.8,3013531,2994541.1,3368060,3362344.8,2792172.3,3284255.8,3159129.2,2559336.9,2950797.8,3124677.5,2710098,3010978.5,3463503.1,3803107.9,4390359.1,4023293.6,3711573,4431503.6,4170491.8,3764739.3,4322378.5,3743582.5,3706602.3,3286927.6,4125002.4,4284977.2,4210806.6,4189947.5,3777190.2,4501749.6,4463904.2,4117005.1,4689930.9,4020706.4,4009170.6,3763534,4294687.7,4523229.9,4006127.2,4000755,4087348.1,3728688.3,3841732.3,3908002.9,3562356.7,3813952.5,3811463.8,3207999.8,4048461.9,4280531.8,3871761.8,4255280.2,4376836,3965067.5,4411545.3,3976269.1,3790920.8,4118218.9,4193981,3187029.8,4072754.1,4293025.3,3847544.5,4397915.2,4142344.1,4075719.2,4306060.4,3695611.8,3901629.5,4288585.3,3799283.9,3645043.3,3880233.2,4276309.1,4286666.7,4564515.9,4316422.1,4376466.8,4676846.5,4473567.6,4607195.7,4698840,4525169.1,3784732,4674526.6,4412418.7,4703138.3,4975801.5,4590071.6,4823380.2,5257076.8,5107431.1,5308899.4,5160946.7,5511612.8,5215017.4,4956766,5455149.2,5635171.4,5014049,5499625.3,5415082,5141844.3,5025360.1,5107601.1,5109048,5360376.4,4229215.5,5560889.2,5695889.1,5623396.5,7053317.8,6229052.4,6457961.9,5944570.9,5952898.5,6085526,5583776.8,6118176.2,4864485.8,5190336,5778249.8,5032349.1,5300066.1,5340962.5,4908210.8,4875332.8,4245218.5,4263439.9,4605216.1,4579142.5,3816932,4165333.8,4561091.4,5397283.9,6128746.2,6033329.3,5624521,5674517.9,5219823.9,5330112.8,6152645.9,5975814,5556703.5,6850561.3,6055078.7,6468464.4,7136282,6843229.7,6980874.9,6612747.8,6272988.2,5946835,6219087.1,6492727.3,5691908.7,6901398,6850281.7,7110404.9,7658714.7,7275329.6,6940540.7,7015370.7,6849141.6,6734073.4,6756714,7665852.9,6685884.1,6612483.4,8181801.5,7515045.5,7815318.2,7165883.5,6667309.4,6697309.2,6214122.9,5706241.6,6282289.7,6600396.2,5134366.6,6069509.2,7027610.1,6828373.6,7104879.8,7194527.8,6517317.6,6663069.6,6448207.3,5913655.7,5983644.4,6328624.9,5261319,5751340.5,6440635.2,5732889.5,6450978.8,6344979.7,5213127.4,5664388.4,5133640.4,5083614.7,5480866.4,5827768.3,4690418.5,5877978.2,4877998,5713976,5241527,5097248,5246939,5217527,4603528,4827057,5322092,4989121,3975243,5119700,5004034,5248971,5262481,4406982,4693377,4582732,5091900,5569133,5429627,6049513,5490513,5564234,6186649,6818230,7405014,7138596,7467876,6834999,6461311,6083157,5775654,6794001,5523692,5450598,7016984,6546428,6391518,6162183,5706701,5946558,5930118,5646103,5653506,5731932,4602206,5044405,5461893,5222442,5496305,5848013,5383738,5083222,5388057,4858926,5285895,5864414,4764433,4989922,5819220,5651915,5859075,5918028,5143114,5354273,5196300,5209224,5452916,5418232,3841840,5129647
  Total Chemicals,3383721,3105808,3343658,3213842,3883404,3485091,5002076,3526806,3485836,3567123,3543830,3889979,4391140,3880258,4877613,3834869,3357822,3755860,4433101,3371423,3913468,5474628,5627965,3676270,3994289,3543771,3698591,3757463,4174140,4836225,5168144,5025839,4908559,4772054,5711513,4464945,4581381,4604863,4811685,4680673,4188618,4208183,5016401,4755902,4757202,4744211,5470850,3784592,4147862,3318969,3514345,4036878,3178179,3595619,3520708,3788293,4108256,4813664,4013715,4067106,3924845,3660379,3879392,4111984,3834515,3814307,3881046,3817895,5036274,3636101,3872767,3863730,4445326,3711360,4600441,5563097,4504655,4674751,4711722,4378937,4721265,4631128,4782873,3788141,4473261,4142904,4498641,4240344,3652846,4121919,3405764,3790830,3938310,3625091,4623053,4082567,4057968,3867383,4094406,3304986,3978097,3556053,3766688,4002530,3743689,4125156,3630366,3369363,3811749,3229034,3309018,4415624,3791717,4017819,4154348,4400360,3904548,4313931,4757712,3148607,4186260,3760901,3496307,4007443,4211690,4915694,4027033,4459803,4060261,4349104,4061117,4013705,4019170,3854378,3309274,3939541,3697566,3892094,3854101,3650281,4305624,4125890,4622682,3199397,3945760,3631605,4010969,4227290,4122264,4434751,4163655,4683053,4067602,4030818,4591620,4711399,4010722,3844397,3477214,4063058,4263000,4402439,4103123,4266334,3940319,4141837,4118345,3901537,3929230,3686750,3377546,3864098,3961054,4375667,3618899,4122875,3040037,3399164,3682112,3355464,3044665,3220688,3409981,3123603,3289343,3057292,3402319,3004194,2873963,3302387,2988877,2466052,2682467,1918545,2278246,2986448,3327403,3030653,3312126,3489268,3056232,3446402,3475596,3404616,3863032,3286868,3777573,3907503,3568565,4011246,3654805,3927092,3991279,3201155,4348229,3070355,4301473,3364242,4161827,3427695,3334788,2796965,2953895,3333267,2965591,3271293,3208011,3101621,3693554,4237159,3007537,2869371,2571666,2961928,2840855,2610331,2588529,2756135,2655634,2909329,2581064,2079675,2507779,2778541,2922069,2916186,2468067,2591367,2685783,2407425,2649806,2723680,2265087,1948857,2218121,2294595,2221176,1931204,1813002,2530196,2232263,1976726,2068706,1868638,2120452,1263156,1722462,1538630,1223643,1382077,1390264,1173994,1223035,1316852,1077899,897512,1067097,931704,925274,1154534,977434,1010161,1033986,931897,1067964,994469,1068982,977140,1036044,894379,1066597,1043160,964573,1068404,853101,902178,969861,735952,919884,767118,626202,721060,1039490,755918,1237359,1006717,767036,865123,883035,919925,912711,628933,737836,558053,598942,701177,643684,633543,604689,551391,513648,581612,571461,645510,559505,688208,611118,629056,657712,529008,572853,517570,483210,495006,480988,458480,526790
  Telecommunications Equipment,180302.4,179990,173792.9,194640.2,208677,198215,209011.3,206150.7,175646,163329.9,218764.1,184121.6,249032.2,307553,371992.7,519053.2,515400.9,462275.1,454687.6,416599.6,382042.5,365615.3,357232.2,270549.2,240294.6,306657.9,289600,377295.4,328231,289715,298378.1,286603.1,242646.4,283842.9,300770,208464.8,264759,318273.7,294696.9,312253.4,309768,238211,248188.9,282102.9,237231.4,228160.8,282266.3,291644.9,236199.3,260467.7,264530.4,250113.9,215349.7,225124.4,224443.1,264148.7,176410.9,187603.1,199130.4,171740.4,152396.2,226265.5,233569,201903.1,175738.1,195522.3,205922.9,183402.4,174666.7,189029.5,184864.6,160481.6,198626.1,208991,218193,243387,222047.1,201412.9,222006.3,214201.3,199473.6,196958.2,236831.1,143430.6,195984.2,226058.7,268808.7,230211.6,194829.1,188694.3,201243,202958.1,212601.7,185093.9,219977.8,174449.9,166287.4,207076.8,193522.8,209344.5,228164.9,200274.1,205670.7,240119.4,210104.8,238984.4,285465.6,180995.8,256743.2,307234.1,278109.4,268434.6,253171.1,243435.4,264798.2,236595.1,221114.1,203099.2,188697.4,158212.6,158612.7,224697.2,196449.2,176497.1,155107.1,159894.4,173081.3,148666.5,139262,160041.5,145495.6,133827.7,129688.9,145963.2,155108.1,168496.8,161100,178330,196725.6,210491.4,167599.9,182636.2,191378.8,140378.2,212576.8,210454.9,211344.9,278404.7,248865.9,223215.8,266634.5,227581.5,294613,310039.8,369056.2,363935.3,261952.9,326729,296743.2,227037.2,221183.6,199167.5,132700,170655.6,144516.1,197788.9,224065.6,146278.8,232239.6,237084.3,182891.9,226583.8,204557.6,213101.4,196503.4,160397.3,192944.1,140606,138098,101037,118375,143164,114311.4,135755.3,162141.4,166504.2,154648.9,128192.3,117960.2,154362.4,176776.7,173015.6,148294.6,239894.7,193432.9,214645.1,212492.1,206562.5,227747.8,302095.3,259878.9,343014.6,343609.7,309762.9,441285.6,407526.4,274614.4,299667.4,393573.5,340590.3,350490.7,400417.1,341329.5,399945.5,427312.2,361905.6,567501.7,659810.3,592806.7,668696.4,598273.2,567757,548956.8,612053.1,600243.6,489522.2,639582.9,435872.6,568073.7,928080.8,498563,542947.9,490082.7,401721.3,428607.7,495556.4,336215,326301,410962.6,291155.9,394811.8,782902.7,672286.9,454915.9,521175.6,446139.3,421752.1,429042.3,238308.6,259761.2,384455.1,363435.4,285568,330248.2,242124.6,269983.9,195808.3,187664.5,166556,165210.4,156834.9,202614.6,287849.4,173537.2,209276.8,165051,202694,241447,206207,175892,170575,152760,181846,147712,160937,117737,198355,185209,201909,202398,216958,183811,164301,150519,159150,148628,183223,164735,175751,176188,192418,289785,322727,329768,301090,278079,286322,222975,283189,222100,248182,281469,279624,310784,234907,226631,208403,182587,177365,163923,220972,119123,122624,154554,136487,135429,142990,110706,146667,149480,162099,207560,168001,117852,138614,181558,154042,168576,165365,199173,173371,136679,156719,220450,178569,107681,166890
  Specialised Machinery,2440633,2073613,1518910,1977782,1796278,1865713,2225246,1624419,1500977,2199681,1966279,1340148,2709680,1729864,1461277,2577923,1593812,1299106,2061368,1821377,1477416,2109054,1746650,1334027,1922928,1784327,1634735,2337185,1802440,1746742,2493345,1846533,1929278,2284882,1985414,1369101,2301166,2139202,1828496,2073246,1695979,1790207,2221994,1864201,1525721,2141813,1984908,1349557,1672394,1746366,1053166,1389394,1265300,1053947,1416844,1301833,965872,1388370,1468708,995488,1092419,1333897,946665,1228261,943440,838278,884947,892392,896887,1065285,953553,571901,783458,1028308,819464,1125733,796468,836771,1288526,1023680,1035597,1378918,1261766,953043,1166168,1524219,940032,1007517,866107,998783,1233757,1345632,1049883,1484305,1134392,875684,1037476,1146576,802526,933831,749873,689334,677669,763960,607137,777213,666917,408622,506880,701003,487404,718671,601247,560253,813653,696683,537390,808322,683020,439224,523469,689640,504687,735034,615042,544615,705611,585721,480546,763814,632060,442924,536062,547636,493482,547371,462927,558069,595756,595226,552827,603259,712433,472044,611916,558632,442355,528254,543207,588287,832883,783429,692018,885251,801432,606713,715850,739207,429103,488637,470910,596361,650415,629476,634368,645590,609231,434604,643250,538976,548606,645706,570040,509333,503196,410893,388614,409747,394316,270182,245050,304326,245056,251316,252887,205523,200213,137971,127671,124766,150141,122520,94483,134012,143522,187261,206542,195081,201637,196331,214974,169018,206842,201817,189409,180317,220126,206415,263424,177199,195173,178233,181326,169651,181906,112263,174574,181348,159024,167338,171985,153324,192209,171947,177722,146586,164376,134485,143734,153743,139017,161851,169134,143467,112415,150226,111071,122312,117484,103799,123563,164696,159001,151966,159525,151846,192896,190683,186075,150839,169203,140204,130394,139505,114867,137900,128807,115935,111147,111016,92237,120624,103172,76396,82469,na,na,na,na,na,na,na,na,na,na,na,na,na,na,na,na,na,na,na,na,na,na,na,na,na,na,na,na,na,na,na,na,na,na,na,na,na,na,na,na,na,na,na,na,na,na,na,na,na,na,na,na,na,na,na,na,na,na,na,na,na,na,na,na,na,na,na,na,na,na,na,na
    Pharmaceuticals,907464,718083,855366,739291,1345402,801707,2166344,1016907,838999,843782,877343,1594281,1931067,1471760,2366511,1240148,996425,1172941,2083862,952991,1342585,3161464,2955291,1231346,1757292,937846,1081323,1092683,1446555,1882181,2043630,1388190,1561110,1394765,2312604,1569042,1431211,1150287,1451543,1672226,1183783,1114631,1875711,1751711,1708434,1486785,1961738,1124289,1609921,667760,1204918,1606867,929907,1271961,1265305,1619990,2088352,2516372,1562644,1688371,1623645,1271992,1392511,1564845,1277851,1204464,1095502,1239248,2245638,920216,1051429,1365029,1718065,944414,1662796,2445912,1744264,1577296,1628303,1397284,1748049,1726774,1656293,1218934,1488515,1289328,1550010,1289633,1041534,1182541,778439,1172837,1322959,1201185,1686292,1325310,1630159,1204396,1501226,1031117,1627517,1300991,1677209,1782273,1541212,1998639,1432272,1386436,1863773,1122085,1036515,1944226,1400031,1585057,1487868,1803195,1459126,1695379,2072425,990898,1743515,1244741,1184450,1344394,1314129,1747733,1251417,1902001,1468709,1576789,1249023,1276972,1385335,1242006,933872,1403936,1216046,1377513,1327595,1530361,1991670,1609743,2253288,1048883,1528845,1527791,1759493,1948449,2005177,2111344,1951939,2487776,1661436,1825597,2190368,2413536,1983937,1725673,1357832,1897481,2067870,2181663,1927873,2006280,1658284,1965355,1531350,1670834,1650116,1244892,1117083,1760064,1838656,2348337,1298358,1983550,1024763,1321455,1466077,1648644,1190945,1281397,1698877,1395722,1585068,1425530,1670170,1530012,1526362,1830389,1558331,1278231,1693902,729357,954050,1118272,1342670,1133206,1080894,1527766,1088438,1293033,1644054,1685875,1786684,1495750,1839423,1829250,1885836,2071814,1853956,1947624,2112606,1464699,2460212,1551991,2428556,1680078,2342016,1589403,1542921,1006979,1276023,1451420,1202046,1770789,1426970,1538953,2149773,2507186,1346562,1158802,966934,1360756,1191287,1161158,1014605,1142493,945374,1468158,1038380,515213,990553,1202238,1237864,1281942,1010840,1197594,1321237,1054175,1297898,1465829,1090899,690718,1100786,1113134,1050881,919835,670741,1497345,1189538,921176,866435,921774,1055881,468641,898382,642326,430325,548678,571424,456464,422260,522299,353863,303732,359014,324567,331529,486353,371161,396910,403168,314071,455840,426801,421986,330328,390367,234148,413320,368535,291252,377798,238733,250869,327617,223844,338490,249838,116982,173681,479021,188383,699699,531799,293448,367495,410034,449546,425410,276214,379363,159435,210174,287442,213173,227085,211675,178568,140138,169634,114258,175435,141116,201939,125955,144787,203880,149992,166735,161659,128700,144474,120142,160283,165955
    Petrochemicals,1103792,1069852,1099906,1147588,1050746,1228847,1364461,1214754,1178555,1321018,1160131,1056826,1106403,1091262,1161146,1239765,1074206,1218163,1065879,1065296,1108421,1058512,1203293,1078159,1017780,1269593,1253916,1198855,1261244,1390282,1380605,1613923,1437501,1574997,1564040,1424883,1386131,1601946,1584606,1468796,1416542,1362807,1465231,1332878,1405545,1535968,1593848,1194934,1136130,1247403,954791,1057679,927448,1042966,981304,881750,903496,941651,1052821,1003129,1032651,1118694,1172853,1255325,1225388,1248279,1348917,1243192,1314587,1255009,1358946,1262328,1345900,1392365,1381838,1554639,1371112,1577060,1489437,1493206,1541573,1452325,1601592,1344972,1527118,1442689,1499829,1556665,1393080,1525167,1379224,1305369,1343193,1262121,1624206,1543927,1371973,1451201,1437524,1266925,1249851,1156574,997516,1148398,1126437,1113278,1137778,1062416,1000356,1129045,1262085,1362652,1337414,1374766,1535684,1361067,1280965,1421987,1396308,1125523,1255917,1368675,1314985,1497831,1654055,1941089,1623241,1388147,1502457,1564501,1611999,1629630,1521401,1468654,1289458,1406025,1419787,1387369,1347152,1075833,1149649,1289003,1126154,1091943,1206663,1050450,1039977,1105738,1050532,1074739,1108631,1019299,1127355,1082685,1113599,1132214,943018,1003240,1002686,1063391,999150,1063869,995864,1108123,1060431,947193,1281372,1204275,1229491,1293411,1148938,1041275,1091796,1059488,1168115,1123421,1058734,1071927,1185091,878035,936971,991536,878950,878649,902535,882496,886407,722544,667597,702565,670843,559671,477097,605807,611660,1060934,1091503,1008769,1307793,1135865,1064311,1158304,981014,980834,1185513,1029871,1122275,1249542,963165,1116371,1034329,1226606,1093966,1005881,1112922,887948,1105922,1004833,1092096,1061138,1066692,1083126,1023849,1108790,1004191,888405,976735,955966,875570,1016076,985371,993644,947382,931912,918231,838690,849168,943313,1020055,862847,938756,925303,915509,908827,991182,944129,819756,750063,707043,690427,719839,691720,605042,643722,592634,628384,578806,519898,571596,532461,543335,542404,621332,500600,532074,391449,392171,441979,399188,463879,432745,353361,379239,402814,352255,276982,346523,270307,292242,325232,291263,293404,290206,294251,290438,267786,275941,267458,266298,274564,301186,334629,314939,349598,311797,346226,316075,242537,277694,255650,226708,258542,284535,285812,258916,211497,210452,224172,212603,234290,214631,172439,170909,185228,191203,215322,223591,200782,191358,175179,180470,188901,233432,240095,204319,229237,247015,235965,229759,198453,205972,176889,170271,168464,183985,142339,161228
  Personal Computers,471670.2,443103.4,336736.7,457850.9,366835,319145.8,362242.2,354341.4,286881.2,354832.5,239798.7,274429.8,282977,241304.5,192584.1,471995.9,236693.4,234732.7,217925,198852.6,225540.3,204714.9,224920.5,217500.1,268046.1,367539,369039,390633.3,354462.6,315430.2,404040.2,356457.3,249256.4,411571.4,280380.5,259723.7,343418.9,285877.4,293048.9,349182,344150.4,279547.9,405016.7,649932.7,272410.4,362091,250560.7,283574.1,261158.8,215696.4,189972.7,295655.1,237514.4,244380.4,221052.9,282287.4,236829.3,258888.9,150870.2,143017.6,207455.5,196751,185448,237582.4,213244.9,212108.7,239208.8,282419.4,243043,464495.4,231448,208442.1,306067.2,570624.1,247717.5,345869.4,318904.9,296933.7,372623.1,509325.5,280260.5,387589.7,431230.8,293430.9,466012.3,718091.2,308010.7,426654.1,412427.7,265670.1,372778.6,395492.8,340861.1,376739.4,346522.4,249214.2,355877.8,650558.6,275763.7,377555,505004.1,224742.1,357710.6,396349.9,206791.4,396160.8,374551.3,255667.7,501801.5,737800,338068.4,401190.2,447531.5,286559.3,558572.8,558541.8,279361.9,505488.5,509457.7,232568.1,332734.9,596467.5,326997.7,409987.3,337744.6,220922,321210.9,329459.3,240147.8,309619.2,228410.2,155235.3,307933.3,529399.2,213861,295350.5,253536,204012.5,285119.4,486092.6,256021.9,458449.9,256626.8,111635,348265,441850.6,155254.9,210552.8,181950.7,174847.8,249837.9,209828.7,161944.3,183817.7,197069.3,137319.7,157058.1,258515.7,164924,230669.6,197189,174687.2,226063.3,138388.7,139921.1,210352.8,214127.8,120354.5,262762.9,228649.9,147624.4,163331.3,132770.1,141796.5,148571,117610.9,119010.2,119215,124478.9,91770.9,122919.1,101020.2,110014.1,101554.4,106080.5,93910.1,123547.9,96961,75862.4,113508.8,139569.5,81303.9,76394.6,86891.2,94371.6,135359.7,115355.7,85055.8,111143.6,105523.1,103688.2,135562.3,128104.8,120145.2,114203.4,137672.3,126118.9,154249.7,106402.9,166592.9,89528.3,97231,92543.2,93446.4,84883.1,73894.9,105026.1,105326.3,88797.3,89684.1,75117.4,84436.3,84350.7,74905.7,93485.2,58845.2,89667.2,68867.2,71900.9,96442.7,79658.9,85093.3,89532.8,79161.1,86931.7,98468.6,69437.6,93957.8,92940.8,91728.1,103200,102015.6,108842.4,158990.4,113112.9,116936.3,130364.1,101190.7,139649.1,109501.9,104911,78637.6,96939.7,108030.9,104832.2,98586.9,102061.2,106244.5,101200,93826.4,72049.6,109400.3,105444.4,91827.1,111938.6,101339,125041,123619,113669,110996,102687,125288,123346,183083,168589,162387,197666,203417,185577,180518,159534,204053,183931,190252,186942,261314,262508,191273,198987,240740,267881,276473,348467,362479,224238,286679,272352,287535,372475,284307,239731,484867,434541,364147,287619,289293,337620,318099,364207,362875,414322,284623,310031,333838,394451,343375,403841,248886,254037,373166,360808,271696,373153,321478,336006,367949,335214,355237,439571,393337,353314,375135,363220,381636,378213,321117,399329
  PCB Assembled,85145.1,110811.9,113200.5,85270.4,106072.9,115249.4,117580.1,110724.5,133515.3,118476.8,121283.4,106198.6,113245.4,109379.3,107469.7,118018.4,102940.4,101550.3,124016,100895.5,110241.8,82910.4,142126.3,128988,114475,147239.9,143740.5,153139,168610.3,170658.2,186065.7,182819.3,162635.2,198000.2,222004.7,157210.7,199374.6,252684.1,198179.6,223836.5,216906.6,223193.1,213870.9,208052.6,218077,221569.4,256648.7,189533.4,222389.8,291649.7,215414.4,246368.6,236243.3,217049.1,203334.8,154051.8,181760.6,204010.1,202066.9,221427.5,239351,217908.3,245025.1,248794.5,192593.1,273354.6,250667.8,210017.6,233304.4,212954.8,224357.5,198425.3,232072.8,240657.7,251689.8,262303.8,234878.8,323290.9,288577.5,237548.5,248033.7,237532.4,227972.4,181669.1,270425.2,293052.3,363146.4,254692.3,289720.5,339737.9,329066.8,325184.5,396570.3,412855.9,467178.5,350185.6,394119.1,405163,423857.5,387800.6,291618.1,305809.6,299298.8,336180.9,311607.5,310551.1,352086.9,292611,355024.1,386194.5,324790.3,356992.3,375691,332064.3,368574.2,367479.4,356340.3,405197.1,429265.7,328360.5,389486.7,443889.4,361875.6,406402.4,426357.7,472026.4,488082.3,435572,483288.6,506179.9,469468.2,495457.9,540310.7,548540.2,593790.6,554549.3,569230.2,570700.1,570549.1,534236.8,593862.7,566016,764295.1,547967.7,670397.7,649186.8,721359.5,694460.8,674579.8,745824.3,829533.8,826987.9,868316.1,905282.7,946597.2,964344.8,816961,967664.9,910544.6,879471.6,935850.1,949671.6,1000605.5,936422.7,931796.2,887976.7,959642.9,703494.4,988152,1069608,948805.6,1183525,1011377.2,1180995.7,1122789.9,1113421.6,1241564.8,1003316.9,1135545.1,891307.8,982318.7,1242666,1043562.5,1166473,1210374.9,1112069.8,1012960.6,859762.8,855019.6,877180.4,888221.4,747772.6,864792.2,974627.2,1226330.5,1231710.4,1288084.9,1456612.8,1141818.9,1057344.9,1176799.4,1319915.6,1139414.6,1166203.5,1357402.2,1450302,1121543.4,1289185.4,1203800.1,1338452.8,1349037.9,1292739,1297602.2,1323637.6,1331645.2,1157980.5,1349923.6,1342582.9,1356341.6,1367211.8,1445625,1385966.9,1437747.6,1366251.4,1272246.9,1199110.3,1334549.6,1283069.7,1293771.4,1783368.7,1558112.4,1668785.9,1462019.5,1371232,1390456.2,1305114.4,1193549.9,1324276.8,1208109.8,942496.4,1102239.9,1289975.1,1307707,1287244.3,1476043.9,1214624.1,1314397.3,1168099,1032563.9,967893.3,1056236.3,856227.4,918550.4,1146271.8,1005519.7,1023594.3,1047750,883086.3,961618.9,847129.2,901056.7,937603.9,989986.6,745935.7,1081136,932534,1195872,961342,1082732,1102139,1011228,897035,936277,1018076,963593,784848,986961,948358,966587,859236,893215,959009,977690,964853,1046427,1140665,1227045,971543,885860,1110498,1362287,1326898,1209100,1119678,1154992,1006531,915786,923920,1126746,930942,993062,1339661,1214415,1131351,1145116,959115,967774,1052815,1016654,1108662,1120133,856167,984714,1097838,1089104,985074,1096995,1064700,955500,992148,819481,1001107,1141595,996329,1093601,1215421,1099078,1211166,1145810,930406,949942,936907,898803,937468,903487,663091,931389
  Parts Of Integrated Circuits,71701.3,77006,73565,78247.1,75362.7,65884.1,85721.5,77750.5,69484.2,104054.4,95280.9,112397.7,84386.2,72252.2,69563,86398,79782.8,81480.4,112516.2,102159.7,95014.8,104026.4,91580.9,72602.7,92500.5,76312.5,91031.3,107403,108675.8,136475.6,155931.4,163143.4,185360.8,180114.2,102294.1,79891.8,97116.1,92792.9,100721.6,102276.1,80837.4,102136.4,85121.2,87684.8,85704.5,92740.4,80875.9,72914,84762.1,71942.1,76154.3,72350,44399.6,47156.8,51695.6,45257.4,37383.3,54002.3,59956.3,79457.9,85679.2,72774,58120.5,50184.2,40440.7,41628.8,49695,37415.8,44785.9,45492.1,37454.2,34417.1,49649.5,46370.7,53420,77811.4,80357.2,82085.5,131109.8,94802.5,97864.5,94263.3,110851.7,80852.3,124820.2,88399.6,89879.8,131431.9,137798.6,157272.7,104372.4,92872.4,125527.1,114530.9,110470.5,95598.2,107097.7,105708.9,117090.8,104867.5,101631.7,108586.7,91130.5,102481.1,90591.1,97719.4,94950.9,96133.5,135260.3,117011.5,119840.4,128578.6,156634.3,138525,169829,101041.7,94648.5,117168.4,108296.8,103095.4,111264.7,112124.7,106285.7,189580,449211,434456.7,420437.4,332358,311509.8,470008.2,410863.4,323890.9,373106.5,408051.5,388438.1,464972.4,410361.1,381974,401284.4,336890.1,344576.4,352317.9,272465.6,207643.1,290956.1,315288.4,306995.8,347283.4,386811.7,317172,479321,359989.4,224284.4,252350.9,259156,268855.9,286621.8,386509.8,395833.2,274560.7,419538.4,428903.1,379656.6,392439.7,414655.5,457263.8,429348.2,325596.1,425972,387785.5,401325.6,630761.9,594703.1,694953,778160.4,798501.2,785302,699868.7,870736.4,567005.7,602689.5,544858,497418.9,525491.6,407421.8,418703.1,355690.1,354182.9,370961.8,410790.2,442679.1,301614.2,243379,200115.6,349224.3,621836.1,648103,658911.8,708527,651606.2,553074.8,556964.5,665257.9,689630.1,687054.1,660540.5,897884.1,908894.9,661906.9,780152.6,658481.5,459889.5,479946.8,582380.8,541896.8,570165.4,564927.1,417828.9,507303.1,530257.4,419858.8,357225,398189.4,388493.8,370896.1,322164,398873.7,331482.7,331934.8,330854,464090.3,336872.1,432593.3,394966.5,416389.1,268473.6,258104.3,273048.8,258933,226328.2,225838.9,247978.5,210587.5,239506.1,233939.4,264683.3,247545.3,269333.9,256909,223701.7,261382.5,207057.7,217630.5,218440.6,206616.5,228062.1,201104.6,186158.5,222416.4,204852.6,176503.5,189197.8,183644.9,148204,149513.7,109793,145387,142724,122567,129623,133062,119662,132181,131682,111970,68992,82364,118845,130208,125191,93475,107387,112597,118649,118454,121558,132608,146243,157409,263545,243007,246634,197139,216521,168740,161707,168881,170163,168056,149176,142372,149637,163176,152221,138085,120288,113451,125757,150067,131306,148892,133067,204999,na,na,na,na,na,na,na,na,na,na,na,na,na,na,na,na,na,na,na,na,na,na,na,na
Non-Electronic Products,11985800,11901456,11395080,10701638,10863772,10952559,12852878,10478927,10584397,10811864,11155095,10122000,12586099,11164095,11580450,11487250,10713427,10549691,11136085,11463167,11278169,12376435,14523282,10292442,10397090,11005978,11012709,11831809,12784113,13694341,13674518,13577237,12631031,13144278,15215270,11747217,13798043,13990938,12631677,12467571,11882555,11713847,12911155,12346778,11310965,12562284,14250415,10799577,11632860,11671789,10303590,10498614,10675362,11887963,11527771,10911072,10482284,11996990,13052682,10483530,10357966,11115603,10883719,10931261,10495892,10978439,10789437,9768876,11516568,10647820,10943564,10160990,10364841,9970890,10750294,12307665,10748202,11243771,11592401,11172063,12963364,11578832,11776045,9288428,11261719,10768038,11366030,10933427,9597354,10430886,9743325,10698745,10274494,9683334,11975632,9609794,9331209,10077906,10277986,8545736,9438984,9070147,9362897,9716723,11252373,9975583,9915708,7886084,8498211,9103122,8486520,10332329,9922440,9169374,9961265,10249006,9200957,10413393,12147721,8089722,9653003,9909298,8857242,9860817,9700283,10191615,9678768,9648751,9073393,10013287,9689439,8554089,9341367,9390387,8422427,9894189,9378809,9013736,9882927,9640077,9427553,9598983,10056641,7504129,9269103,8674112,9361399,10361501,9827292,9779885,9824431,10508840,9524546,9448948,10157863,11689752,9173233,10244179,8951793,9182336,9399447,11042544,9272585,9775853,9388995,9355935,11011901,8555614,9040781,8796490,8809331,9784787,9503037,9385722,8851406,8686090,7441864,9160646,8755715,7112168,6937873,7454189,8089548,7247386,7480831,7201292,7634494,7144476,6632200,6734462,7259395,5892071,5873815,5914963,6660005,7214515,7788783,7415078,8015557,7577275,7124084,7870674,8347824,7197133,8569154,7177873,8149004,8652827,7818301,8170271,7892401,8026220,7964330,7086986,8721540,6304656,8090042,7001798,8014832,7143295,7071798,6726849,6743289,7279809,6678843,6606361,7314811,6161382,6887023,7969338,6485513,6449740,6088338,6660231,6000489,5880403,5653129,5863220,6264069,5894064,5418998,5248367,5416682,5824259,6046507,5852470,5515784,5489906,5791305,5220506,5713087,5147353,4612043,4715671,4630025,5006371,4935188,4421490,4800035,4874012,4563186,4438418,4537325,3779465,4456607,3123431,3789373,3617264,3206929,3352150,3450266,3138356,3157322,3392040,2901239,2323967,2874961,2662446,2735648,3119118,2697548,2802601,2834719,2694944,2997405,2761305,3497414,2731686,2777219,3015427,3302712,3294981,3112238,3229154,2948303,2920864,3333805,2528656,2964748,2276167,2203359,2654695,2817136,2806519,3015100,2705957,2545090,2560366,2501031,2555454,2603355,1966128,2072203,2277951,2295474,2483800,2741958,2371292,2500324,2511035,2195438,2288873,2538666,2305015,2287632,2635538,2393254,2558675,2530568,2244516,2407398,2253135,2204128,2249957,2250108,1675810,2226833
  Integrated Circuits,1578686.6,1639434.9,1820657.7,1640557.3,1500323.6,2215685,1577295,1378575.9,1919778.4,1426411.1,1366423.4,1530823.2,1377049.2,1328697.4,1412260,1406406,1431246.1,1457246.1,1389657.2,1499249.8,1413224.5,1480340.3,1487711.3,1321002.2,1392375.1,1442899.9,1719098.3,1703566.6,1707489.8,2037337.3,2160652.8,2198180.9,2325544.4,1875942.8,2083746.6,2007539.6,2031354.2,1948653.3,2256976.7,1917262.1,1939700.5,2181795.5,1823148.7,1744023.9,1836929,1653945.2,1721483.4,1651105.8,1725590.3,1654553.1,1591516.3,1563590.9,1813545.2,1814942.9,1641030,1516497.3,1736308.7,1602391.2,1445286.3,1587612.7,1514448.5,1430282.7,1735168.2,1792643.5,1393487.6,1695319.7,1616528.2,1174570,1417464.4,1455467.3,1354654.3,1796867.6,1903898,2038364.8,2731443.9,2163343.5,1995680.3,2496250.1,2134397.1,1757767.1,2379553.1,1856288.4,1749603.7,1682772,2050517.1,2019823.3,2143266.5,2135079.6,1797443.1,2521149.3,2526276,2215099.2,2601600.6,1964234.4,1884110,1914715.5,2283215.1,2148243,1956108.4,1849705.7,1874726.2,1843416.1,1948471.1,1834675.1,1768529,1778376,1743903.6,1519961.6,1734848,1653680,1769120.5,1949363.8,2000139.7,1879947.4,1968730.1,1715354.2,1857714.3,1842399.4,1944462,1565132.4,2041912.4,1863941.1,1832468.8,2106114,1752721,1820357.1,1934137.3,1549737.1,1702748.7,1833329,1564622.9,1637723.5,1548141.5,1660164.5,1921470.7,1971357.3,1856714.6,1899428.8,2036382.2,1871539.3,2029545.9,1931392.9,1928362.4,1791989,1961441.5,1670585.1,2037018.3,2076720.8,1905591.3,2224255.4,2249567,2190407.2,2242329.2,2186356.1,2324176.4,2099477.1,2174724.6,2180328,2594416.4,2089879.6,2455634.9,2270212.4,2098956.6,2050497.4,2091964,2003317,2126978.9,1746304.9,2053866.8,2190008.4,2457613.6,3139145.9,2700831.7,2675651.8,2170526.5,2161048.9,2053961.3,2018621.1,2188427.3,1722321.1,1712031.8,1881104.9,1773557.7,1755370.2,1742469.9,1614708.6,1588423.8,1408502.6,1516029.2,1519141,1418784.3,1332105.2,1537824.1,1536467.5,1797933.5,1879218.9,1987552.9,1623582.3,1792683.7,1482198.2,1568623.4,1863596.1,1887432.8,1577528.4,1907569.3,1550660.1,1725368.6,2028061.1,1987742.4,1941420.3,1921533.9,1962595.9,1795412.9,1799863.2,2028599.2,1636441.2,2001649.2,2011409.3,2117483.3,2465533,2363466.2,2047734,2131653.2,2040053.7,2065064.3,2157495.1,2415496.7,2112586.2,1990549.9,2155873.4,2194331.9,2293599,1943727.4,1842708.2,1825732,1493457.3,1445866.1,1654886.1,1786967.1,1490491.3,1767044,1767122.1,1985460.2,2146079.3,1929051.6,1860196,1998760.2,1924707.9,1839174.7,1812873.4,1722736.8,1451456.1,1543887.5,1640781.1,1509064.5,1747244.7,1670841.2,1425696.3,1449813.3,1332910.1,1318944.7,1385083.6,1404610.7,1348104,1404065.6,954137,1248278,969780,1072306,1119206,1214947,976517,963108,966608,943856,729246,888259,875829,1020415,954649,716249,857804,888758,1203683,1234493,1274922,1445632,1493849,1473507,1344062,1575844,2025311,1848243,2191810,1929954,1752843,1480234,1299459,1740653,1497083,1343706,1625338,1504000,1327433,1272370,1238660,1162044,1084146,1119554,1088996,977026,927409,872988,1056346,898850,968833,1024022,1072824,967831,977881,870165,982058,1126656,998720,888520,1162101,1151515,1064010,1036879,928042,946960,895750,931210,965044,929911,707748,839480
  Electrical Machinery & Apparatus Nes,148942,163483.5,157276.8,144261.9,174148.2,183858,217524.9,162049.2,194331.4,185457.9,195437.1,159599.2,196604.4,179224.1,161002.4,184207.6,173999.7,233061.9,205812.8,219667.1,213796.4,172643.7,225455.7,177616.9,182595.4,224138.9,290416.6,262308.6,289634.4,325321.4,336139.1,339790.6,311096.5,288717.4,285657.9,211306.2,247513.8,286071.5,263260.5,258876,253554.3,253216.5,249272.7,258584.2,234782.4,247459.9,314380.4,239009,219364,259248.1,265285.7,231036.9,216004,205870.1,211134.6,194667.1,169497.4,192753.9,218469.8,204055.3,188741.1,199662.2,240073.1,253628.6,209299.2,202625.2,213136.9,191752,238049.5,226595.8,258411.8,194751.3,263259.8,240222.3,278170.8,300774.5,230972.6,275206.6,259767.1,301129.2,241973.2,225985.1,246164.5,204000.8,288670.7,312737.9,328260.4,316914.9,331023.8,338488.7,334281,388825.3,359951.9,312156.2,354695.9,295492.2,303838,294833.3,308785.6,276479,263211.3,290891.5,255089.2,253129.7,236382.6,218660.9,221965.1,181036.1,206537.5,225945,208400.6,243716,241351.8,232648.7,245643.3,377899.3,250389.9,243167.1,245744.9,207559.1,270670.5,310901.5,248159.3,239991.4,250502,262876,225709,215905.8,205526,296962.4,233212.4,201917,219378.3,227848.9,189050.3,206837.7,205496.9,204085.7,221823.8,204468.4,187718.5,208769.8,222892.5,165494,203200.6,194575.1,198090.2,193551.7,212729.3,215501.3,220417.2,194142.6,276434.1,221137.4,237030.1,364056.8,485098.8,200400.5,236230.1,219048.4,256707.7,288137.5,277588.2,313057.1,309607.5,222708.4,261606.3,191877.9,240833.1,231582.5,251387.9,375927.4,396836.1,338136.3,232204.7,247410.6,212757.3,245735.1,256774.2,196112.9,219214.5,228431.2,222200.3,241495.3,181990,186771,190417.9,159796.2,134649,131777.4,144268,93410,135436.8,141682.6,181641.6,220075.9,212511.3,182860.1,237112.6,191662.7,179850.4,200809.1,219629.9,189726.6,222487.5,215970.6,239187.9,226864.2,224352.5,234823.8,224117,203634.1,203831.1,207046.2,197315.7,187612.5,212528,204377.9,185079.2,208932.8,214521.4,260402.7,260460.3,240040.6,233507.6,257514.1,243713.8,230039.8,348390.5,319688.6,292229.8,280638.3,291019.5,307197.8,225984,264458.9,211177.8,214718.5,222912.9,173971.8,183021.7,195696.9,179007.4,180721.4,169814.4,181227.5,158156.7,147775,145523.5,147559.5,182114,142338,137512.3,191741.5,157824.9,156724.6,166957,156203.6,253717.1,121573.7,135135.8,136225,132078.6,106827.1,114428.2,65804,80088,77909,75167,80809,71628,65379,65740,73325,62915,52625,58037,71028,78460,84275,76545,75247,79009,76501,81769,70033,87312,90557,88344,91027,108662,98006,115220,91531,84851,83050,80979,78915,80560,60314,60998,75567,73586,73951,75053,67902,64494,57478,66343,57975,65135,44760,51114,na,na,na,na,na,na,na,na,na,na,na,na,na,na,na,na,na,na,na,na,na,na,na,na
  Electrical Circuit Apparatus,146491.9,159167.2,173491.3,168861.2,145900.6,174611.2,162179.6,151877.8,154800.3,164352.5,155791.6,112481.3,147744.4,147632.3,141968.7,174970.6,175994,210131,198456.3,198924,197952.3,180301.3,193704.7,178233.6,163350.9,187752.3,201790.3,184447.1,201164.4,216541,213909.2,245400.1,257404.9,279543.7,270448.4,208328.8,244115.3,278408.8,255870.3,244423.6,256254.8,241692.1,239398.2,261896.5,219634.3,220997.3,212231.8,148829.6,166574.8,185218.8,169005.4,162063.5,145209,141999.9,154719.8,151151.3,159250.6,151557.9,190129.5,163415.9,155590.5,164965.6,167331.5,184614.3,162830.8,166058.6,180230.2,148150.2,172791.3,152272.3,166566,126420,174899.9,164027.6,170083.4,179538.6,171317.3,182762.1,201703.6,168575.5,224307,183612,173903.8,136381.7,162412.6,161589.8,178807.1,163327.8,154073.9,173245.2,179343,172165.4,198008,164491.9,178693.9,145658.5,162139.1,176991.8,172261.5,163632.5,158059.2,161633.2,159293.5,164818.6,141595.9,153143.2,169155.6,137234.7,147570.4,170341.4,170525.1,172068.2,157046.9,152674.3,201298.5,176903.3,172614.7,196766.1,205197.7,166772.6,173330.8,181004.5,182785.5,188292.9,191432.8,209975.8,189881.7,200035.8,192175.7,201695.5,188552.3,156787.4,234219.6,206904.8,231181.3,331185.1,267879.3,225885.7,213082.9,209787.7,245461.3,236442.1,215471.6,168804.6,248245.6,199212.5,210565.7,291393.6,241051.7,214135.8,275321.4,272881.8,264015.5,236605.1,282000.4,254195.3,259865.7,251543.6,287541.2,211325.2,247714.7,235152.9,280171.6,240748.9,241794.7,241769.2,246474.3,204709.5,272092.3,271741.8,250467,289314.3,262990.8,276504.9,267153.9,226919.2,215079.3,243285.8,248118,207759.1,219850.1,236709.5,216288.9,227418.7,219166.8,200338.2,222145.7,187156.1,181088,164514.8,188771.3,156754.5,155527.1,185975.1,214392,219689,238090.8,237824.4,257063.6,213485.4,213464,230736.3,251488.3,302455.2,308519.8,241370.6,312003.7,306598.9,280855,297534.5,266244.3,239879.3,243286.2,252317.6,262334.8,216314.7,243739.2,246181.1,303783.3,248544.9,219580,225867.8,225514.7,232788.5,221962.4,193574.8,228163,176899,191444.9,193972.5,201282.8,220965.2,221657.4,213024.7,235646.2,184794.5,165162.7,183382.8,174799.3,143708,169294.9,219603.4,188974.7,205156.3,196993.8,203608,220584.2,170271.8,164230.6,160058.6,165030.9,148896.8,133166.6,164529.6,147108.7,186160.4,223963.6,197089.3,184837.7,171869.7,182102.3,153052.4,149305.7,110351.6,141337.2,105894,174450,124404,117965,128022,135591,121792,132916,140518,133237,99624,119496,106482,121181,129946,114889,121578,126491,118464,127806,126251,137313,120013,128529,132871,150578,168254,158818,157820,154441,140127,138782,120319,133959,105990,110358,139843,134078,140342,134709,147778,141973,147631,129081,120577,134756,95156,100754,na,na,na,na,na,na,na,na,na,na,na,na,na,na,na,na,na,na,na,na,na,na,na,na
  Disk Drives,45957.7,76694.9,78358.4,71107.7,72858.4,52251.8,85080.2,67575.7,54160.9,75958.9,82539,54311.8,55745.8,83415.5,58840.8,82281.3,94115.6,45804.4,99263.1,80055.2,59040.4,99768.9,97367,38492.7,64458.8,88666.7,79328.2,79824.7,86423.8,86416.8,103653,69898.3,55333,76211.4,101001.2,33522.4,47466.9,57287.3,36248.7,43438.9,76497.7,67161.9,49304.4,59250.9,62251.8,54265.9,59264.4,40119.5,44749.4,72498.1,55351.5,54336.4,52546.9,50341.6,42635.5,63838.4,50138.1,43300.5,42425.5,33683,38717.3,53474.7,36258.7,47437.9,43054.6,34433.7,43603.1,44906.5,40577.4,64551.7,42457.8,37075.7,50460.4,53340.9,56406.9,75859.1,47129.9,79168.3,96895,74384.6,51032.3,71733.5,56225.4,46244.8,65215.9,71353.6,68277.5,73904.9,73697.9,59797.4,84810.5,68511.4,77321.2,94437.4,79287.3,90429.2,107654.6,83279.7,79481.2,89184.9,78554,95445.9,120673.9,104634.9,86639.5,137572,98631.4,66219.1,105762.9,120340.6,106769.2,170620.9,174502.8,138694.9,145627.3,143156.6,114928.2,157808.7,158771.9,101275.3,137837.3,154276.7,144396.6,174635.2,162745.8,158821.9,172174.1,145276.3,161899.7,154455.3,154149.1,156477.3,170698.4,160556.6,202765.8,199259.4,184364.8,204858,229866.1,186064.3,195119.7,239154.1,202997,186228.1,249176,242504.9,230175.5,226110.5,203277.9,248948.8,250011.4,254234.9,305734.3,311462.6,294980,294916.9,241429.9,284780.8,178747.5,211417.6,211973.3,241492.7,222436.4,212956.2,245224,234852,224342.6,207886.9,325368.7,357985.6,348993.1,441691.9,460735.2,432095.7,457330.5,435199.1,435349.1,499478.6,525114,518860,559731.7,653589.5,490319.3,444207.7,454359.7,475146.2,493387.2,389105.6,403550.6,466625.7,373745.8,321258.1,467331,510325.5,539330.4,684624.4,593972.1,469783.2,458790.1,459718.6,561840.4,727518.1,598532.7,586681.2,917277.6,469444,645404,673601.9,646632.6,633000.2,612587,565432,546079.1,610602.8,591097.9,604140.1,761681.8,689861.1,748207.4,781532.7,742822.5,861837.1,869621,802750.6,789200.5,828562.6,877858.6,839322,834035.6,1117071.3,1065746.4,1099554.3,1160383.3,1094253.8,1130284.8,1233862.8,1193333.4,1282268,1389924.4,932320.7,1140163.9,1362680.2,1118416.1,1254343.6,1322307.1,1147103.6,1069885.8,1119499.3,1017767,1164795.9,1272741,1131248.1,1360828.7,1555460.1,1384003.1,1530697.3,1623887.4,1215425.5,1467669.2,1342295.1,1281538.9,1362815.8,1548412.2,1107711.7,1527398.7,1452968,1520152,1325777,1228120,1235159,1207091,1093244,1224826,1473906,1471503,1147136,1503143,1518289,1523453,1553773,1179084,1156050,1063759,1112279,1163589,969478,1350343,1112712,1220981,1554463,1507227,1328162,1441852,1498637,1305736,1316916,1318008,1384175,1366280,1071362,1109188,1458569,1394205,1541864,1609649,1328713,1649909,1515216,1515773,1453967,1578430,1252662,1378166,1692951,1490061,1698957,1757466,1518868,1513180,1627862,1411336,1600101,1793596,1207746,1416396,1561687,1553625,1513110,1572312,1284015,1480536,1534689,1543197,1617385,1757681,1083604,1505155
  Diodes And Transistors,146600.6,171131.5,200414.4,226659,211151.4,237385.7,254356.4,243368.9,275752.3,273731.7,247187,196916.9,261940.6,277872,250200,222836.4,236050.6,278765.1,259853.7,267920.1,264630.5,247837.3,278021,257128.6,239849.1,299438.2,289570.3,277746.8,291828.3,300317.9,249898.1,272562.5,228342.8,247865.8,276713.2,225783.1,257456.4,257439.7,276170.8,259319.9,256102.4,277742.6,260207,270054.5,274708.4,252553.9,276355.5,256932.2,260335.1,233502.3,214490.1,216546,208135.9,205038.9,200575.8,204350.7,178523.7,163431.2,191359.9,184788.8,204294.9,200432.5,233796.8,206742,197262.5,210738.5,176679.7,192139,241071.9,188274.2,188216.1,147863.3,204987.1,168687.1,170786.3,205352.3,228073,257348.3,214169.6,251482.7,263961.1,217869,233199.4,210049.8,283730,256951.7,250772.8,271564.5,294210.1,361531.4,284553.6,267137.3,325737.4,272398.9,309207.3,282385.2,282486.1,281187,316052.4,380397.2,359367,351061.8,296545.2,335532.6,319048.9,309075,303234.3,271026.2,346846.9,311435,308887.8,349571.2,339860.7,359608.8,368324.1,345417.4,344373.8,314139.1,316018.5,256225.2,326716,278292.5,290227.8,306111,319517.9,290621.1,302638.9,289942.8,271004.3,288081.2,272289.2,255394.1,248044.9,234597.4,261841.1,283352,288769.3,304126,312006,266261.1,326630.7,295565.9,253830.7,195500.3,256003.9,218492.4,264855.9,253210.4,234624.4,238984.8,220088.6,229479.2,349547.4,213746.7,243035.9,263690.4,261859.9,260865.8,275830.4,289533.7,300136.8,366220.1,302678.3,345701.8,316345.1,309807.8,356040.5,290776.3,363708.9,339301.1,312033.9,339933.2,362059.4,370242.7,349836.8,293994.4,263955.5,240392.6,254387.9,177506.8,254757.8,248496.3,221064.4,262565.8,279565.3,234269,230527.2,183270.6,176981.2,254379.2,241159.7,145044.7,208635.8,230934.6,284903.8,359613,255211.2,237692.7,257314.7,216227.9,223657.1,251067.4,180972,182571.1,231164.6,200140.9,211857.8,279590.2,236906.3,293910.9,273517.4,204387.6,197136.5,225101.6,224418.6,162402.2,201989.6,197883,223124.9,265870,251989.9,296294.2,336570.7,309167.1,375271.7,354228.4,454701.4,363337.4,363584,277987.9,263768.9,237244.9,195662.8,164180.1,177354.1,145723.3,119655.4,147012.2,148166.2,133440.8,136940.4,154916.5,181598.3,195331.2,177472.5,173571.2,166433.9,167866.4,177256,166951.1,197185.4,148328.2,145207.2,148279.5,147828.9,160633.6,140978.3,154717.4,146788.8,125220,131765.4,139720.2,138180.9,114282.4,149607.7,140901,168724,213593,159187,199299,220570,170519,176638,154940,141304,105179,132692,130198,155646,157957,136470,134453,130301,149367,170800,173499,181915,182623,172367,174030,170804,181297,231613,214582,212504,209216,223450,221158,253973,223167,180329,204404,160616,149534,146056,125980,118747,108281,112084,116216,110905,92614,101705,na,na,na,na,na,na,na,na,na,na,na,na,na,na,na,na,na,na,na,na,na,na,na,na
  Consumer Electronics,29805.3,75452.5,34047.8,40375.6,30968.7,32478.9,42462.4,37642.5,40550.8,34292,35778.3,22830.9,35867.8,43014.5,43034.3,50378.2,31660.7,36114,40434.7,45196.9,55486.1,44493.2,46932.5,37903.4,43989.8,45229.2,41535.7,44662.5,41672.8,43853.8,43297.8,57492.9,46448.2,49561.9,56411.7,44960,45920.1,53441,57531.7,51945.5,47115.8,52914.7,56294.8,64765.1,69519.3,70162,71580.4,61706.8,50591.1,68799.8,75540.3,74025.6,69463.4,71383.7,64298.5,63772.4,46200.4,42907,54612.4,49751,52254.6,67729.8,58779.6,61770,70982.6,65875.4,68808.9,54690.8,60601.6,46671.2,51036,34806.4,44965.9,44119.7,66198.1,59690.2,48451.6,48861.9,45645.5,49631.5,70267.4,67503.6,71529.8,52027.3,60245.9,63394.7,59206.3,67367.3,77057.6,53964.2,95548.9,67507.1,75204.2,73222.9,89717.9,74626.2,67325.9,81537.1,80774.2,67666.4,74394.4,69071.3,61593.9,79783.5,76627.5,68758.8,70050.4,57078,71489.4,74536.4,71413.8,64262.2,54196.3,62419.4,56267.1,48025.3,41166.2,46619.3,47908.7,36093.6,42480.1,62591.9,78349,56795,71182.3,72959.1,69092.4,68567.2,69957,83597.2,82066.9,66308.2,71613.4,82832.6,78241.7,85459.1,87723.3,101779,109548.1,103239,164755.9,139723.8,103961.7,67574.2,103899.1,115204.1,133749.5,105511.4,110170.5,91336,98428.1,96379.1,87760.8,77033.9,105265.5,80458.8,81131.7,98277.8,121397.5,80528.2,95410.7,90878.6,81234.5,79787.3,86023.3,89481.9,111614.5,121799.3,135098,153065.7,124879.4,161456.7,152606.6,152071,149221.7,157864.5,128008.2,137728.3,130896.6,127711.1,164549.7,200796.8,177090.8,221534.7,221584.4,188172.5,200404.3,165034.3,182829.9,153294.9,169895.4,213215.1,119712,192292.7,181510.2,265001.1,246991.9,245289.1,248327.5,217957,235743,207907.7,207317.1,165862,245801.9,371566.5,525732.7,575715.6,626457.1,585144.3,427540.1,331298.2,355935.5,304936.8,297553.5,268249.5,375040,312981.4,384598.8,494813.9,455566.2,418976.7,374681.4,340406.8,348636.9,460257.7,480734.4,383852.8,365110.3,423543.3,468556.3,505188.2,455002,368919.5,357114.4,319313.8,337837.1,336651.3,400679.1,266621.1,316046,391210.7,434425.4,437010.2,485279.2,462802,424054.8,419049.8,339012.6,345971.6,326966.4,276709,296388.7,315634,324934.9,440162.8,377393,310563.3,350649.2,274295.6,301195.5,301342.1,253501.2,231695.9,300135.4,202083,237858,324300,265605,285579,289775,249614,249861,253663,205207,154370,172886,181432,189585,281271,246339,273960,270699,293738,328131,274339,264688,233230,214055,268044,374339,363774,349757,344866,328900,309193,300288,260253,293609,221657,204080,259831,268441,270466,299724,297642,279705,272542,257759,300207,255601,191266,199651,na,na,na,na,na,na,na,na,na,na,na,na,na,na,na,na,na,na,na,na,na,na,na,na
,,,,,,,,,,,,,,,,,,,,,,,,,,,,,,,,,,,,,,,,,,,,,,,,,,,,,,,,,,,,,,,,,,,,,,,,,,,,,,,,,,,,,,,,,,,,,,,,,,,,,,,,,,,,,,,,,,,,,,,,,,,,,,,,,,,,,,,,,,,,,,,,,,,,,,,,,,,,,,,,,,,,,,,,,,,,,,,,,,,,,,,,,,,,,,,,,,,,,,,,,,,,,,,,,,,,,,,,,,,,,,,,,,,,,,,,,,,,,,,,,,,,,,,,,,,,,,,,,,,,,,,,,,,,,,,,,,,,,,,,,,,,,,,,,,,,,,,,,,,,,,,,,,,,,,,,,,,,,,,,,,,,,,,,,,,,,,,,,
Footnotes:,,,,,,,,,,,,,,,,,,,,,,,,,,,,,,,,,,,,,,,,,,,,,,,,,,,,,,,,,,,,,,,,,,,,,,,,,,,,,,,,,,,,,,,,,,,,,,,,,,,,,,,,,,,,,,,,,,,,,,,,,,,,,,,,,,,,,,,,,,,,,,,,,,,,,,,,,,,,,,,,,,,,,,,,,,,,,,,,,,,,,,,,,,,,,,,,,,,,,,,,,,,,,,,,,,,,,,,,,,,,,,,,,,,,,,,,,,,,,,,,,,,,,,,,,,,,,,,,,,,,,,,,,,,,,,,,,,,,,,,,,,,,,,,,,,,,,,,,,,,,,,,,,,,,,,,,,,,,,,,,,,,,,,,,,,,,,,,,,
"Prior to 2003, merchandise trade data exclude Singapore's merchandise trade with Indonesia.  Data prior to 1999 are based on Standard International Trade Classification (SITC) 3.  Data from 1999 onwards are based on SITC 4.1 and consistent with the ASEAN Harmonised Tariff Nomenclature (AHTN) 2022 version.",,,,,,,,,,,,,,,,,,,,,,,,,,,,,,,,,,,,,,,,,,,,,,,,,,,,,,,,,,,,,,,,,,,,,,,,,,,,,,,,,,,,,,,,,,,,,,,,,,,,,,,,,,,,,,,,,,,,,,,,,,,,,,,,,,,,,,,,,,,,,,,,,,,,,,,,,,,,,,,,,,,,,,,,,,,,,,,,,,,,,,,,,,,,,,,,,,,,,,,,,,,,,,,,,,,,,,,,,,,,,,,,,,,,,,,,,,,,,,,,,,,,,,,,,,,,,,,,,,,,,,,,,,,,,,,,,,,,,,,,,,,,,,,,,,,,,,,,,,,,,,,,,,,,,,,,,,,,,,,,,,,,,,,,,,,,,,,,,
Non-Electronic Products -> Specialised Machinery (Thousand Dollars):,,,,,,,,,,,,,,,,,,,,,,,,,,,,,,,,,,,,,,,,,,,,,,,,,,,,,,,,,,,,,,,,,,,,,,,,,,,,,,,,,,,,,,,,,,,,,,,,,,,,,,,,,,,,,,,,,,,,,,,,,,,,,,,,,,,,,,,,,,,,,,,,,,,,,,,,,,,,,,,,,,,,,,,,,,,,,,,,,,,,,,,,,,,,,,,,,,,,,,,,,,,,,,,,,,,,,,,,,,,,,,,,,,,,,,,,,,,,,,,,,,,,,,,,,,,,,,,,,,,,,,,,,,,,,,,,,,,,,,,,,,,,,,,,,,,,,,,,,,,,,,,,,,,,,,,,,,,,,,,,,,,,,,,,,,,,,,,,,
Data are available from January 2003.,,,,,,,,,,,,,,,,,,,,,,,,,,,,,,,,,,,,,,,,,,,,,,,,,,,,,,,,,,,,,,,,,,,,,,,,,,,,,,,,,,,,,,,,,,,,,,,,,,,,,,,,,,,,,,,,,,,,,,,,,,,,,,,,,,,,,,,,,,,,,,,,,,,,,,,,,,,,,,,,,,,,,,,,,,,,,,,,,,,,,,,,,,,,,,,,,,,,,,,,,,,,,,,,,,,,,,,,,,,,,,,,,,,,,,,,,,,,,,,,,,,,,,,,,,,,,,,,,,,,,,,,,,,,,,,,,,,,,,,,,,,,,,,,,,,,,,,,,,,,,,,,,,,,,,,,,,,,,,,,,,,,,,,,,,,,,,,,,
,,,,,,,,,,,,,,,,,,,,,,,,,,,,,,,,,,,,,,,,,,,,,,,,,,,,,,,,,,,,,,,,,,,,,,,,,,,,,,,,,,,,,,,,,,,,,,,,,,,,,,,,,,,,,,,,,,,,,,,,,,,,,,,,,,,,,,,,,,,,,,,,,,,,,,,,,,,,,,,,,,,,,,,,,,,,,,,,,,,,,,,,,,,,,,,,,,,,,,,,,,,,,,,,,,,,,,,,,,,,,,,,,,,,,,,,,,,,,,,,,,,,,,,,,,,,,,,,,,,,,,,,,,,,,,,,,,,,,,,,,,,,,,,,,,,,,,,,,,,,,,,,,,,,,,,,,,,,,,,,,,,,,,,,,,,,,,,,,
Definitions,,,,,,,,,,,,,,,,,,,,,,,,,,,,,,,,,,,,,,,,,,,,,,,,,,,,,,,,,,,,,,,,,,,,,,,,,,,,,,,,,,,,,,,,,,,,,,,,,,,,,,,,,,,,,,,,,,,,,,,,,,,,,,,,,,,,,,,,,,,,,,,,,,,,,,,,,,,,,,,,,,,,,,,,,,,,,,,,,,,,,,,,,,,,,,,,,,,,,,,,,,,,,,,,,,,,,,,,,,,,,,,,,,,,,,,,,,,,,,,,,,,,,,,,,,,,,,,,,,,,,,,,,,,,,,,,,,,,,,,,,,,,,,,,,,,,,,,,,,,,,,,,,,,,,,,,,,,,,,,,,,,,,,,,,,,,,,,,,
Domestic Exports:,,,,,,,,,,,,,,,,,,,,,,,,,,,,,,,,,,,,,,,,,,,,,,,,,,,,,,,,,,,,,,,,,,,,,,,,,,,,,,,,,,,,,,,,,,,,,,,,,,,,,,,,,,,,,,,,,,,,,,,,,,,,,,,,,,,,,,,,,,,,,,,,,,,,,,,,,,,,,,,,,,,,,,,,,,,,,,,,,,,,,,,,,,,,,,,,,,,,,,,,,,,,,,,,,,,,,,,,,,,,,,,,,,,,,,,,,,,,,,,,,,,,,,,,,,,,,,,,,,,,,,,,,,,,,,,,,,,,,,,,,,,,,,,,,,,,,,,,,,,,,,,,,,,,,,,,,,,,,,,,,,,,,,,,,,,,,,,,,
"Refer to exports of Singapore origin. It comprises (i) primary commodities grown or produced in Singapore and (ii) goods which have been transformed, that is, manufactured, assembled or processed in Singapore including those with imported materials or parts.",,,,,,,,,,,,,,,,,,,,,,,,,,,,,,,,,,,,,,,,,,,,,,,,,,,,,,,,,,,,,,,,,,,,,,,,,,,,,,,,,,,,,,,,,,,,,,,,,,,,,,,,,,,,,,,,,,,,,,,,,,,,,,,,,,,,,,,,,,,,,,,,,,,,,,,,,,,,,,,,,,,,,,,,,,,,,,,,,,,,,,,,,,,,,,,,,,,,,,,,,,,,,,,,,,,,,,,,,,,,,,,,,,,,,,,,,,,,,,,,,,,,,,,,,,,,,,,,,,,,,,,,,,,,,,,,,,,,,,,,,,,,,,,,,,,,,,,,,,,,,,,,,,,,,,,,,,,,,,,,,,,,,,,,,,,,,,,,,
,,,,,,,,,,,,,,,,,,,,,,,,,,,,,,,,,,,,,,,,,,,,,,,,,,,,,,,,,,,,,,,,,,,,,,,,,,,,,,,,,,,,,,,,,,,,,,,,,,,,,,,,,,,,,,,,,,,,,,,,,,,,,,,,,,,,,,,,,,,,,,,,,,,,,,,,,,,,,,,,,,,,,,,,,,,,,,,,,,,,,,,,,,,,,,,,,,,,,,,,,,,,,,,,,,,,,,,,,,,,,,,,,,,,,,,,,,,,,,,,,,,,,,,,,,,,,,,,,,,,,,,,,,,,,,,,,,,,,,,,,,,,,,,,,,,,,,,,,,,,,,,,,,,,,,,,,,,,,,,,,,,,,,,,,,,,,,,,,
Notation:,,,,,,,,,,,,,,,,,,,,,,,,,,,,,,,,,,,,,,,,,,,,,,,,,,,,,,,,,,,,,,,,,,,,,,,,,,,,,,,,,,,,,,,,,,,,,,,,,,,,,,,,,,,,,,,,,,,,,,,,,,,,,,,,,,,,,,,,,,,,,,,,,,,,,,,,,,,,,,,,,,,,,,,,,,,,,,,,,,,,,,,,,,,,,,,,,,,,,,,,,,,,,,,,,,,,,,,,,,,,,,,,,,,,,,,,,,,,,,,,,,,,,,,,,,,,,,,,,,,,,,,,,,,,,,,,,,,,,,,,,,,,,,,,,,,,,,,,,,,,,,,,,,,,,,,,,,,,,,,,,,,,,,,,,,,,,,,,,
na   not available or not applicable,,,,,,,,,,,,,,,,,,,,,,,,,,,,,,,,,,,,,,,,,,,,,,,,,,,,,,,,,,,,,,,,,,,,,,,,,,,,,,,,,,,,,,,,,,,,,,,,,,,,,,,,,,,,,,,,,,,,,,,,,,,,,,,,,,,,,,,,,,,,,,,,,,,,,,,,,,,,,,,,,,,,,,,,,,,,,,,,,,,,,,,,,,,,,,,,,,,,,,,,,,,,,,,,,,,,,,,,,,,,,,,,,,,,,,,,,,,,,,,,,,,,,,,,,,,,,,,,,,,,,,,,,,,,,,,,,,,,,,,,,,,,,,,,,,,,,,,,,,,,,,,,,,,,,,,,,,,,,,,,,,,,,,,,,,,,,,,,,
nec  not elsewhere classified,,,,,,,,,,,,,,,,,,,,,,,,,,,,,,,,,,,,,,,,,,,,,,,,,,,,,,,,,,,,,,,,,,,,,,,,,,,,,,,,,,,,,,,,,,,,,,,,,,,,,,,,,,,,,,,,,,,,,,,,,,,,,,,,,,,,,,,,,,,,,,,,,,,,,,,,,,,,,,,,,,,,,,,,,,,,,,,,,,,,,,,,,,,,,,,,,,,,,,,,,,,,,,,,,,,,,,,,,,,,,,,,,,,,,,,,,,,,,,,,,,,,,,,,,,,,,,,,,,,,,,,,,,,,,,,,,,,,,,,,,,,,,,,,,,,,,,,,,,,,,,,,,,,,,,,,,,,,,,,,,,,,,,,,,,,,,,,,,
nes  not elsewhere specified,,,,,,,,,,,,,,,,,,,,,,,,,,,,,,,,,,,,,,,,,,,,,,,,,,,,,,,,,,,,,,,,,,,,,,,,,,,,,,,,,,,,,,,,,,,,,,,,,,,,,,,,,,,,,,,,,,,,,,,,,,,,,,,,,,,,,,,,,,,,,,,,,,,,,,,,,,,,,,,,,,,,,,,,,,,,,,,,,,,,,,,,,,,,,,,,,,,,,,,,,,,,,,,,,,,,,,,,,,,,,,,,,,,,,,,,,,,,,,,,,,,,,,,,,,,,,,,,,,,,,,,,,,,,,,,,,,,,,,,,,,,,,,,,,,,,,,,,,,,,,,,,,,,,,,,,,,,,,,,,,,,,,,,,,,,,,,,,,
 -     nil or negligible or not significant,,,,,,,,,,,,,,,,,,,,,,,,,,,,,,,,,,,,,,,,,,,,,,,,,,,,,,,,,,,,,,,,,,,,,,,,,,,,,,,,,,,,,,,,,,,,,,,,,,,,,,,,,,,,,,,,,,,,,,,,,,,,,,,,,,,,,,,,,,,,,,,,,,,,,,,,,,,,,,,,,,,,,,,,,,,,,,,,,,,,,,,,,,,,,,,,,,,,,,,,,,,,,,,,,,,,,,,,,,,,,,,,,,,,,,,,,,,,,,,,,,,,,,,,,,,,,,,,,,,,,,,,,,,,,,,,,,,,,,,,,,,,,,,,,,,,,,,,,,,,,,,,,,,,,,,,,,,,,,,,,,,,,,,,,,,,,,,,,
Notes,,,,,,,,,,,,,,,,,,,,,,,,,,,,,,,,,,,,,,,,,,,,,,,,,,,,,,,,,,,,,,,,,,,,,,,,,,,,,,,,,,,,,,,,,,,,,,,,,,,,,,,,,,,,,,,,,,,,,,,,,,,,,,,,,,,,,,,,,,,,,,,,,,,,,,,,,,,,,,,,,,,,,,,,,,,,,,,,,,,,,,,,,,,,,,,,,,,,,,,,,,,,,,,,,,,,,,,,,,,,,,,,,,,,,,,,,,,,,,,,,,,,,,,,,,,,,,,,,,,,,,,,,,,,,,,,,,,,,,,,,,,,,,,,,,,,,,,,,,,,,,,,,,,,,,,,,,,,,,,,,,,,,,,,,,,,,,,,,
Numbers may not add up to the totals due to rounding.,,,,,,,,,,,,,,,,,,,,,,,,,,,,,,,,,,,,,,,,,,,,,,,,,,,,,,,,,,,,,,,,,,,,,,,,,,,,,,,,,,,,,,,,,,,,,,,,,,,,,,,,,,,,,,,,,,,,,,,,,,,,,,,,,,,,,,,,,,,,,,,,,,,,,,,,,,,,,,,,,,,,,,,,,,,,,,,,,,,,,,,,,,,,,,,,,,,,,,,,,,,,,,,,,,,,,,,,,,,,,,,,,,,,,,,,,,,,,,,,,,,,,,,,,,,,,,,,,,,,,,,,,,,,,,,,,,,,,,,,,,,,,,,,,,,,,,,,,,,,,,,,,,,,,,,,,,,,,,,,,,,,,,,,,,,,,,,,,
"Data are the latest available at the time of access or download. Some statistics, particularly those for the most recent time periods, are provisional and may be subject to revision at a later date.",,,,,,,,,,,,,,,,,,,,,,,,,,,,,,,,,,,,,,,,,,,,,,,,,,,,,,,,,,,,,,,,,,,,,,,,,,,,,,,,,,,,,,,,,,,,,,,,,,,,,,,,,,,,,,,,,,,,,,,,,,,,,,,,,,,,,,,,,,,,,,,,,,,,,,,,,,,,,,,,,,,,,,,,,,,,,,,,,,,,,,,,,,,,,,,,,,,,,,,,,,,,,,,,,,,,,,,,,,,,,,,,,,,,,,,,,,,,,,,,,,,,,,,,,,,,,,,,,,,,,,,,,,,,,,,,,,,,,,,,,,,,,,,,,,,,,,,,,,,,,,,,,,,,,,,,,,,,,,,,,,,,,,,,,,,,,,,,,
Values are shown in Singapore dollars (unless otherwise specified).,,,,,,,,,,,,,,,,,,,,,,,,,,,,,,,,,,,,,,,,,,,,,,,,,,,,,,,,,,,,,,,,,,,,,,,,,,,,,,,,,,,,,,,,,,,,,,,,,,,,,,,,,,,,,,,,,,,,,,,,,,,,,,,,,,,,,,,,,,,,,,,,,,,,,,,,,,,,,,,,,,,,,,,,,,,,,,,,,,,,,,,,,,,,,,,,,,,,,,,,,,,,,,,,,,,,,,,,,,,,,,,,,,,,,,,,,,,,,,,,,,,,,,,,,,,,,,,,,,,,,,,,,,,,,,,,,,,,,,,,,,,,,,,,,,,,,,,,,,,,,,,,,,,,,,,,,,,,,,,,,,,,,,,,,,,,,,,,,
,,,,,,,,,,,,,,,,,,,,,,,,,,,,,,,,,,,,,,,,,,,,,,,,,,,,,,,,,,,,,,,,,,,,,,,,,,,,,,,,,,,,,,,,,,,,,,,,,,,,,,,,,,,,,,,,,,,,,,,,,,,,,,,,,,,,,,,,,,,,,,,,,,,,,,,,,,,,,,,,,,,,,,,,,,,,,,,,,,,,,,,,,,,,,,,,,,,,,,,,,,,,,,,,,,,,,,,,,,,,,,,,,,,,,,,,,,,,,,,,,,,,,,,,,,,,,,,,,,,,,,,,,,,,,,,,,,,,,,,,,,,,,,,,,,,,,,,,,,,,,,,,,,,,,,,,,,,,,,,,,,,,,,,,,,,,,,,,,
Generated by: SingStat Table Builder,,,,,,,,,,,,,,,,,,,,,,,,,,,,,,,,,,,,,,,,,,,,,,,,,,,,,,,,,,,,,,,,,,,,,,,,,,,,,,,,,,,,,,,,,,,,,,,,,,,,,,,,,,,,,,,,,,,,,,,,,,,,,,,,,,,,,,,,,,,,,,,,,,,,,,,,,,,,,,,,,,,,,,,,,,,,,,,,,,,,,,,,,,,,,,,,,,,,,,,,,,,,,,,,,,,,,,,,,,,,,,,,,,,,,,,,,,,,,,,,,,,,,,,,,,,,,,,,,,,,,,,,,,,,,,,,,,,,,,,,,,,,,,,,,,,,,,,,,,,,,,,,,,,,,,,,,,,,,,,,,,,,,,,,,,,,,,,,,
Date generated: 09/03/2025,,,,,,,,,,,,,,,,,,,,,,,,,,,,,,,,,,,,,,,,,,,,,,,,,,,,,,,,,,,,,,,,,,,,,,,,,,,,,,,,,,,,,,,,,,,,,,,,,,,,,,,,,,,,,,,,,,,,,,,,,,,,,,,,,,,,,,,,,,,,,,,,,,,,,,,,,,,,,,,,,,,,,,,,,,,,,,,,,,,,,,,,,,,,,,,,,,,,,,,,,,,,,,,,,,,,,,,,,,,,,,,,,,,,,,,,,,,,,,,,,,,,,,,,,,,,,,,,,,,,,,,,,,,,,,,,,,,,,,,,,,,,,,,,,,,,,,,,,,,,,,,,,,,,,,,,,,,,,,,,,,,,,,,,,,,,,,,,,
Contact: info@singstat.gov.sg,,,,,,,,,,,,,,,,,,,,,,,,,,,,,,,,,,,,,,,,,,,,,,,,,,,,,,,,,,,,,,,,,,,,,,,,,,,,,,,,,,,,,,,,,,,,,,,,,,,,,,,,,,,,,,,,,,,,,,,,,,,,,,,,,,,,,,,,,,,,,,,,,,,,,,,,,,,,,,,,,,,,,,,,,,,,,,,,,,,,,,,,,,,,,,,,,,,,,,,,,,,,,,,,,,,,,,,,,,,,,,,,,,,,,,,,,,,,,,,,,,,,,,,,,,,,,,,,,,,,,,,,,,,,,,,,,,,,,,,,,,,,,,,,,,,,,,,,,,,,,,,,,,,,,,,,,,,,,,,,,,,,,,,,,,,,,,,,,